"question_category_id","category_id","question_id","created_at"
"3298","21","5119","2010-04-08 20:52:37"
"13927","21","18917","2010-06-16 12:32:13"
"331","58","658","2010-04-02 10:43:39"
"14488","58","19214","2010-06-18 02:11:56"
"9320","21","14271","2010-04-29 12:23:14"
"1450","77","2413","2010-04-07 00:40:35"
"13115","82","18085","2010-06-08 13:16:40"
"8680","62","13630","2010-04-26 11:37:59"
"4619","58","7162","2010-04-11 20:20:54"
"10689","62","15743","2010-05-06 10:23:58"
"6908","65","12059","2010-04-15 18:12:54"
"10806","65","15796","2010-05-06 17:12:55"
"7025","62","12196","2010-04-15 18:52:27"
"12049","65","16758","2010-05-31 14:21:58"
"2956","48","4620","2010-04-08 17:43:36"
"3094","82","4835","2010-04-08 19:26:04"
"4796","77","7460","2010-04-11 22:02:10"
"659","77","1050","2010-04-03 12:25:05"
"1723","78","2890","2010-04-07 13:37:13"
"14852","65","19605","2010-06-21 13:45:55"
"10183","62","15146","2010-05-05 14:59:26"
"13607","21","18594","2010-06-15 11:39:19"
"7648","77","12582","2010-04-18 14:34:04"
"6922","60","12074","2010-04-15 18:17:08"
"11008","30","16021","2010-05-10 16:54:41"
"463","77","808","2010-04-02 16:21:56"
"9236","62","14192","2010-04-29 10:42:43"
"1075","56","1678","2010-04-06 15:02:13"
"2845","53","4473","2010-04-08 11:00:35"
"1321","35","2137","2010-04-06 22:04:57"
"9379","56","14331","2010-04-29 14:22:03"
"2852","35","4481","2010-04-08 11:06:12"
"377","53","712","2010-04-02 11:13:39"
"13373","56","18348","2010-06-14 12:21:48"
"12152","29","16673","2010-05-31 17:55:40"
"15374","29","20223","2010-06-24 20:15:43"
"2629","56","4232","2010-04-07 20:39:54"
"421","56","766","2010-04-02 15:57:32"
"14140","65","9246","2010-06-17 10:57:11"
"10649","56","15694","2010-05-05 20:46:13"
"2636","53","4240","2010-04-07 20:41:32"
"12587","55","17559","2010-06-03 11:42:57"
"1840","56","3082","2010-04-07 14:37:43"
"9188","62","14143","2010-04-28 17:18:53"
"12233","29","16618","2010-06-01 14:59:08"
"10774","56","15733","2010-05-06 16:42:46"
"14293","61","9606","2010-06-17 14:30:35"
"14033","56","19030","2010-06-16 17:01:28"
"14192","48","9499","2010-06-17 12:01:57"
"12865","29","17835","2010-06-04 17:04:05"
"15776","87","20672","2010-06-26 06:41:14"
"11611","65","16856","2010-05-27 13:12:28"
"966","53","1496","2010-04-06 11:59:16"
"14324","65","9644","2010-06-17 15:27:09"
"8833","61","13780","2010-04-26 21:13:33"
"744","61","1158","2010-04-03 13:15:14"
"15141","43","19951","2010-06-23 13:11:59"
"3064","32","4798","2010-04-08 19:10:11"
"9341","62","14292","2010-04-29 12:57:40"
"8740","29","13692","2010-04-26 15:29:24"
"6629","71","11765","2010-04-15 13:43:38"
"9407","49","14360","2010-04-29 15:00:43"
"11736","72","17089","2010-05-28 10:19:18"
"1083","81","1688","2010-04-06 15:04:54"
"11471","34","16532","2010-05-26 15:55:24"
"3249","53","5041","2010-04-08 20:26:54"
"2996","56","4686","2010-04-08 18:15:33"
"13719","82","18708","2010-06-15 17:09:47"
"14856","29","19613","2010-06-21 14:09:23"
"10368","62","15335","2010-05-05 18:03:08"
"9380","72","14332","2010-04-29 14:22:29"
"14472","49","19197","2010-06-18 01:43:42"
"451","36","796","2010-04-02 16:14:59"
"12561","56","17473","2010-06-03 11:21:52"
"550","56","909","2010-04-03 11:19:32"
"2599","56","4191","2010-04-07 20:20:54"
"7869","29","12813","2010-04-18 17:11:24"
"9930","61","14892","2010-05-03 21:23:55"
"12531","29","17102","2010-06-02 18:09:07"
"2555","70","4137","2010-04-07 19:28:48"
"12522","29","16999","2010-06-02 18:03:43"
"11501","70","16604","2010-05-26 16:33:39"
"7194","29","12391","2010-04-16 11:35:31"
"12687","70","17658","2010-06-03 12:56:14"
"9821","21","14781","2010-05-03 20:16:21"
"1464","70","2429","2010-04-07 01:25:50"
"2721","61","4331","2010-04-07 23:02:15"
"8523","28","13471","2010-04-23 18:20:56"
"12118","32","16480","2010-05-31 17:37:23"
"1331","41","2172","2010-04-06 22:22:24"
"13710","23","18699","2010-06-15 16:54:34"
"12648","55","17620","2010-06-03 12:20:29"
"10243","62","15209","2010-05-05 17:05:54"
"15544","87","20415","2010-06-25 11:14:16"
"1634","36","2711","2010-04-07 13:03:32"
"12218","72","16439","2010-06-01 14:48:46"
"15668","70","20554","2010-06-25 15:11:41"
"1804","53","3014","2010-04-07 14:09:55"
"14258","37","9567","2010-06-17 13:00:42"
"433","77","778","2010-04-02 16:06:32"
"13429","36","18411","2010-06-14 13:11:22"
"6208","70","11320","2010-04-14 11:39:29"
"1824","77","3054","2010-04-07 14:21:31"
"10331","70","15299","2010-05-05 17:46:24"
"1318","56","2131","2010-04-06 22:01:38"
"4245","72","6637","2010-04-10 18:45:02"
"15534","87","20405","2010-06-25 10:42:54"
"3071","53","4804","2010-04-08 19:14:11"
"14855","28","19612","2010-06-21 14:08:42"
"1734","77","2908","2010-04-07 13:41:06"
"6395","28","11512","2010-04-14 19:31:19"
"11229","41","16163","2010-05-14 10:18:56"
"8686","28","13636","2010-04-26 11:41:20"
"680","24","1075","2010-04-03 12:35:37"
"1284","53","2029","2010-04-06 21:21:27"
"487","80","837","2010-04-02 17:52:23"
"12147","36","16660","2010-05-31 17:52:20"
"14787","72","19516","2010-06-20 16:39:54"
"1154","80","1807","2010-04-06 20:39:36"
"8253","24","13198","2010-04-23 11:14:14"
"11038","70","16064","2010-05-11 11:42:02"
"8451","47","13399","2010-04-23 17:39:44"
"361","70","695","2010-04-02 11:06:26"
"9310","29","14261","2010-04-29 12:13:38"
"29","29","56","2010-04-01 11:14:13"
"7966","29","12917","2010-04-18 18:00:52"
"9200","62","14156","2010-04-28 17:54:36"
"14181","29","9489","2010-06-17 11:50:30"
"3755","32","5728","2010-04-09 13:18:03"
"3194","36","4979","2010-04-08 19:51:33"
"7520","23","10266","2010-04-18 13:44:08"
"11","56","18","2010-04-01 11:14:13"
"5484","41","10486","2010-04-12 19:21:24"
"850","47","1289","2010-04-03 16:45:57"
"40","23","122","2010-04-01 11:14:13"
"3496","72","5397","2010-04-08 22:08:04"
"3259","80","5058","2010-04-08 20:29:37"
"2547","47","4123","2010-04-07 19:24:45"
"4066","47","6272","2010-04-09 15:36:48"
"217","47","414","2010-04-01 11:14:15"
"11479","56","16566","2010-05-26 16:02:38"
"649","70","1039","2010-04-03 12:12:42"
"1415","61","2370","2010-04-06 23:43:57"
"1652","47","2736","2010-04-07 13:11:08"
"8708","26","13659","2010-04-26 12:32:31"
"2756","59","4371","2010-04-08 00:10:04"
"11624","26","16876","2010-05-27 14:34:58"
"11289","53","16270","2010-05-26 10:27:30"
"686","47","1081","2010-04-03 12:37:42"
"11095","70","16019","2010-05-11 15:45:50"
"8234","29","13179","2010-04-22 16:45:37"
"970","47","1502","2010-04-06 12:02:35"
"3665","47","5617","2010-04-09 12:15:12"
"13957","41","18950","2010-06-16 14:06:24"
"182","47","322","2010-04-01 11:14:15"
"9325","26","14276","2010-04-29 12:31:54"
"12638","24","17610","2010-06-03 12:13:01"
"12654","72","17626","2010-06-03 12:36:00"
"13314","56","18290","2010-06-13 01:53:07"
"11335","70","16316","2010-05-26 12:13:18"
"2044","47","3359","2010-04-07 15:24:53"
"2198","80","3586","2010-04-07 15:44:56"
"6720","62","11859","2010-04-15 15:21:34"
"15549","61","20421","2010-06-25 11:17:20"
"10927","47","15906","2010-05-07 15:37:18"
"9767","28","14722","2010-05-03 19:47:08"
"12512","24","9877","2010-06-02 17:57:02"
"6815","23","11959","2010-04-15 17:36:07"
"8401","70","13347","2010-04-23 14:21:01"
"4077","53","6304","2010-04-09 15:42:11"
"11291","53","16272","2010-05-26 10:30:49"
"4871","61","7559","2010-04-12 10:39:03"
"4467","47","6935","2010-04-10 21:52:14"
"10079","39","15045","2010-05-04 15:46:23"
"618","32","998","2010-04-03 11:52:42"
"2402","56","3879","2010-04-07 16:35:54"
"1030","47","1601","2010-04-06 14:36:26"
"7341","28","9868","2010-04-16 14:11:20"
"4107","56","6364","2010-04-09 15:57:42"
"2277","56","3705","2010-04-07 15:56:10"
"1691","47","2809","2010-04-07 13:23:34"
"4935","23","7625","2010-04-12 12:09:43"
"11444","29","16492","2010-05-26 14:57:42"
"10949","26","15938","2010-05-10 12:21:27"
"10566","61","15564","2010-05-05 19:59:55"
"12647","38","17619","2010-06-03 12:19:49"
"15073","29","19865","2010-06-22 17:37:36"
"12738","26","17709","2010-06-04 15:10:55"
"14640","27","19377","2010-06-19 13:40:16"
"2946","53","4601","2010-04-08 17:35:11"
"12629","37","17601","2010-06-03 12:06:58"
"8878","61","13828","2010-04-26 21:31:26"
"12170","65","16746","2010-06-01 11:42:52"
"11522","29","16648","2010-05-26 17:46:01"
"11178","70","16204","2010-05-12 14:54:05"
"12135","26","16589","2010-05-31 17:44:47"
"8300","29","13245","2010-04-23 11:52:55"
"4999","52","7699","2010-04-12 12:58:27"
"14818","61","19536","2010-06-21 10:58:31"
"13395","26","18371","2010-06-14 12:45:47"
"9475","67","14428","2010-04-29 17:42:11"
"10300","39","15266","2010-05-05 17:31:25"
"7814","24","12759","2010-04-18 16:26:14"
"1455","50","2419","2010-04-07 00:48:07"
"11492","67","16592","2010-05-26 16:28:49"
"3831","32","5827","2010-04-09 13:42:33"
"12789","52","17760","2010-06-04 15:47:46"
"10635","24","15671","2010-05-05 20:38:18"
"13949","23","18941","2010-06-16 14:00:35"
"10369","27","15336","2010-05-05 18:03:15"
"8146","31","13085","2010-04-20 14:52:04"
"1276","70","2011","2010-04-06 21:14:29"
"12769","56","17740","2010-06-04 15:33:23"
"6795","61","11941","2010-04-15 17:20:25"
"11484","70","16575","2010-05-26 16:09:38"
"1187","47","1850","2010-04-06 20:50:58"
"9458","23","14411","2010-04-29 17:11:03"
"13131","29","18100","2010-06-08 14:15:40"
"8417","27","13363","2010-04-23 14:53:19"
"12273","26","17038","2010-06-01 15:31:02"
"10288","26","15254","2010-05-05 17:26:54"
"4435","47","6900","2010-04-10 21:26:41"
"990","80","1537","2010-04-06 12:14:00"
"9873","52","14835","2010-05-03 20:49:41"
"6161","30","11274","2010-04-14 11:07:21"
"14252","37","9561","2010-06-17 12:58:10"
"14362","70","9689","2010-06-17 16:02:07"
"4863","56","7546","2010-04-12 01:05:17"
"13772","24","18762","2010-06-15 19:59:12"
"1693","54","2811","2010-04-07 13:24:15"
"13440","37","18424","2010-06-14 14:16:22"
"4925","78","7615","2010-04-12 12:03:45"
"4235","47","6612","2010-04-10 18:40:17"
"803","24","1236","2010-04-03 13:50:45"
"9338","23","14289","2010-04-29 12:43:16"
"2987","57","4672","2010-04-08 18:09:35"
"14941","25","19714","2010-06-22 10:14:02"
"10294","26","15259","2010-05-05 17:29:25"
"7857","27","12801","2010-04-18 17:09:27"
"7006","72","12175","2010-04-15 18:47:42"
"14424","22","19146","2010-06-17 16:49:38"
"1863","70","3109","2010-04-07 14:48:35"
"1315","31","2120","2010-04-06 21:59:03"
"564","56","924","2010-04-03 11:26:03"
"9389","57","14343","2010-04-29 14:33:11"
"2797","47","4420","2010-04-08 10:20:15"
"6784","53","11930","2010-04-15 17:09:40"
"15622","61","20499","2010-06-25 14:26:19"
"4025","56","6213","2010-04-09 15:24:01"
"4233","37","6608","2010-04-10 18:39:01"
"15425","56","20287","2010-06-25 05:10:27"
"6731","67","11872","2010-04-15 15:31:03"
"5824","31","10884","2010-04-13 14:55:42"
"3263","37","5061","2010-04-08 20:30:37"
"2132","39","3457","2010-04-07 15:36:10"
"1796","61","2997","2010-04-07 14:03:44"
"11053","20","16082","2010-05-11 12:28:32"
"11045","27","16073","2010-05-11 12:11:59"
"4865","41","7552","2010-04-12 10:34:11"
"7931","27","12878","2010-04-18 17:40:57"
"8095","70","13038","2010-04-20 12:27:57"
"4249","47","6641","2010-04-10 18:46:19"
"14052","59","19050","2010-06-16 17:23:26"
"8991","26","13944","2010-04-28 11:54:29"
"15814","72","20710","2010-06-26 15:21:25"
"15001","57","19780","2010-06-22 15:00:52"
"15993","61","20891","2010-06-27 19:06:53"
"14213","62","9520","2010-06-17 12:24:57"
"8450","41","13398","2010-04-23 17:39:23"
"5198","39","9987","2010-04-12 15:40:27"
"12689","29","17660","2010-06-03 12:57:22"
"10443","56","15412","2010-05-05 18:43:58"
"6098","72","11207","2010-04-13 23:51:31"
"6751","61","11894","2010-04-15 15:56:51"
"10723","73","15606","2010-05-06 14:16:43"
"1409","47","2363","2010-04-06 23:40:38"
"1451","47","2414","2010-04-07 00:41:10"
"15689","38","20576","2010-06-26 01:22:59"
"14886","72","19654","2010-06-21 15:10:42"
"10074","63","15040","2010-05-04 15:41:40"
"8349","26","13295","2010-04-23 12:43:41"
"8189","29","13134","2010-04-21 11:17:28"
"3396","56","5261","2010-04-08 21:15:26"
"3961","47","6088","2010-04-09 14:20:22"
"11342","73","16322","2010-05-26 12:21:26"
"15820","61","20715","2010-06-26 15:28:44"
"6250","47","11363","2010-04-14 12:06:50"
"13468","26","18452","2010-06-14 15:11:55"
"7504","54","10293","2010-04-16 17:03:29"
"3914","42","5992","2010-04-09 14:03:21"
"388","53","723","2010-04-02 11:18:30"
"13861","70","18851","2010-06-16 03:30:54"
"3602","77","5515","2010-04-09 11:00:21"
"10663","26","15712","2010-05-05 20:54:40"
"5055","37","9748","2010-04-12 14:32:19"
"170","44","308","2010-04-01 11:14:15"
"12954","60","17926","2010-06-07 15:50:44"
"1129","80","1770","2010-04-06 15:26:44"
"7094","24","12280","2010-04-15 19:22:39"
"12429","73","17443","2010-06-02 15:39:24"
"5673","27","10717","2010-04-13 13:05:57"
"2189","50","3578","2010-04-07 15:43:52"
"11301","70","16282","2010-05-26 11:05:31"
"4775","35","7426","2010-04-11 21:46:31"
"15950","48","20845","2010-06-27 15:33:23"
"8605","27","13553","2010-04-23 19:10:40"
"1730","80","2905","2010-04-07 13:39:41"
"15253","50","20090","2010-06-24 13:48:15"
"12902","44","17872","2010-06-07 13:00:58"
"5804","26","10859","2010-04-13 14:49:53"
"2258","70","3680","2010-04-07 15:53:11"
"6947","24","12101","2010-04-15 18:26:58"
"9138","70","14093","2010-04-28 15:50:07"
"13497","32","18482","2010-06-15 02:29:40"
"4263","47","6669","2010-04-10 19:03:46"
"10916","26","15888","2010-05-07 14:45:58"
"2885","29","4526","2010-04-08 11:36:54"
"5440","20","10429","2010-04-12 18:46:54"
"10155","26","15117","2010-05-05 12:23:13"
"15767","72","20660","2010-06-26 06:18:30"
"9522","70","14475","2010-04-30 12:45:39"
"6568","26","11701","2010-04-15 12:22:35"
"1004","50","1563","2010-04-06 12:18:50"
"14742","37","19485","2010-06-20 08:49:02"
"4753","64","7392","2010-04-11 21:38:26"
"9664","26","14618","2010-05-03 15:26:24"
"4738","70","7376","2010-04-11 21:34:16"
"10997","70","16003","2010-05-10 16:03:34"
"10358","20","15326","2010-05-05 17:58:06"
"10651","72","15696","2010-05-05 20:48:16"
"3045","36","4768","2010-04-08 18:54:39"
"4216","22","6576","2010-04-10 18:31:59"
"12585","23","17557","2010-06-03 11:41:46"
"8613","27","13561","2010-04-23 19:16:12"
"10951","26","15940","2010-05-10 12:24:41"
"15577","29","20452","2010-06-25 13:57:08"
"15086","50","19879","2010-06-22 17:56:26"
"14823","50","19570","2010-06-21 11:09:09"
"10120","27","15001","2010-05-05 10:25:09"
"14509","53","19236","2010-06-18 03:06:38"
"9751","61","14706","2010-05-03 19:37:52"
"15302","61","20144","2010-06-24 14:12:31"
"7600","73","12532","2010-04-18 14:19:09"
"13405","22","18381","2010-06-14 12:54:01"
"10960","26","15950","2010-05-10 12:49:44"
"14597","37","19333","2010-06-18 23:11:57"
"12557","31","17464","2010-06-03 11:20:03"
"12360","73","16383","2010-06-02 10:02:08"
"12575","26","17515","2010-06-03 11:32:12"
"5253","42","10121","2010-04-12 15:59:03"
"13109","29","18079","2010-06-08 12:46:26"
"13644","26","18633","2010-06-15 13:06:55"
"8304","27","13250","2010-04-23 11:57:15"
"11960","28","17283","2010-05-31 12:27:48"
"15985","73","20882","2010-06-27 18:43:59"
"7464","27","9976","2010-04-16 16:39:13"
"6887","31","12038","2010-04-15 18:06:02"
"9208","22","14164","2010-04-28 18:08:48"
"4007","56","6174","2010-04-09 14:55:04"
"14092","36","19090","2010-06-17 06:30:25"
"3858","31","5868","2010-04-09 13:47:20"
"15336","34","20184","2010-06-24 14:29:57"
"9023","27","13977","2010-04-28 12:34:02"
"9272","39","14223","2010-04-29 11:18:47"
"4085","37","6319","2010-04-09 15:45:34"
"10199","73","15162","2010-05-05 15:50:09"
"900","57","1368","2010-04-04 17:00:42"
"1626","47","2701","2010-04-07 13:00:08"
"12773","32","17744","2010-06-04 15:36:42"
"5656","72","10696","2010-04-13 13:00:58"
"9535","26","14488","2010-04-30 12:50:39"
"4639","24","7207","2010-04-11 20:36:37"
"12328","23","17236","2010-06-01 16:06:16"
"4665","33","7273","2010-04-11 20:52:37"
"11761","24","17129","2010-05-28 10:51:36"
"7935","57","12882","2010-04-18 17:42:19"
"3230","57","5019","2010-04-08 20:02:22"
"9722","26","14677","2010-05-03 16:29:08"
"3882","29","5920","2010-04-09 13:53:06"
"11071","70","15935","2010-05-11 13:06:22"
"3505","64","5407","2010-04-08 22:14:26"
"5859","38","10921","2010-04-13 15:09:21"
"11311","70","16292","2010-05-26 11:34:28"
"14585","47","19321","2010-06-18 22:12:01"
"10841","26","15849","2010-05-06 18:32:50"
"15896","70","20793","2010-06-26 16:44:25"
"13259","33","18229","2010-06-10 16:56:10"
"12249","24","16814","2010-06-01 15:09:54"
"111","47","239","2010-04-01 11:14:14"
"8012","61","12963","2010-04-19 06:02:29"
"2026","24","3338","2010-04-07 15:22:06"
"15972","25","20869","2010-06-27 18:16:42"
"5319","42","10217","2010-04-12 17:27:55"
"15566","27","20440","2010-06-25 11:49:39"
"5390","38","10349","2010-04-12 18:13:31"
"13010","26","17981","2010-06-07 16:28:36"
"2180","47","3554","2010-04-07 15:42:34"
"11742","21","17097","2010-05-28 10:23:02"
"14340","22","9659","2010-06-17 15:39:42"
"13128","20","18097","2010-06-08 14:06:54"
"4787","24","7421","2010-04-11 21:55:00"
"268","47","482","2010-04-01 11:14:15"
"3395","42","5252","2010-04-08 21:15:24"
"12010","72","16925","2010-05-31 13:14:56"
"15441","61","20305","2010-06-25 05:40:31"
"12412","20","17215","2010-06-02 15:28:13"
"10637","80","15674","2010-05-05 20:39:11"
"5423","57","10407","2010-04-12 18:36:10"
"15945","87","20842","2010-06-26 20:35:35"
"339","26","666","2010-04-02 10:46:58"
"15049","72","19839","2010-06-22 17:18:10"
"4710","47","7338","2010-04-11 21:18:32"
"11388","70","16397","2010-05-26 14:23:26"
"8961","33","13912","2010-04-27 15:03:39"
"834","54","1271","2010-04-03 16:33:39"
"4732","47","7370","2010-04-11 21:31:47"
"4279","57","6691","2010-04-10 19:35:42"
"8949","22","13900","2010-04-27 14:56:35"
"6115","64","11226","2010-04-14 10:38:23"
"2838","23","4466","2010-04-08 10:55:22"
"12901","33","17871","2010-06-07 12:59:59"
"12709","26","17680","2010-06-04 14:53:12"
"239","47","443","2010-04-01 11:14:15"
"12551","26","17448","2010-06-03 11:16:18"
"14829","61","19577","2010-06-21 11:25:01"
"4834","70","7507","2010-04-12 00:39:36"
"309","56","630","2010-04-01 22:28:30"
"8867","26","13817","2010-04-26 21:27:22"
"10379","70","15347","2010-05-05 18:09:54"
"13321","31","18296","2010-06-14 11:36:52"
"14073","56","19072","2010-06-16 18:04:52"
"2399","36","3872","2010-04-07 16:34:50"
"8350","26","13296","2010-04-23 12:43:52"
"3629","33","5555","2010-04-09 11:40:13"
"9782","26","14738","2010-05-03 19:55:11"
"13904","53","18895","2010-06-16 06:34:00"
"329","47","656","2010-04-02 10:42:40"
"14665","34","19405","2010-06-19 15:02:54"
"14616","31","19353","2010-06-19 12:15:24"
"1157","53","1812","2010-04-06 20:40:47"
"1484","20","2460","2010-04-07 11:10:50"
"9611","27","14564","2010-05-03 13:43:53"
"8658","26","13608","2010-04-23 19:40:12"
"13943","28","18935","2010-06-16 13:57:39"
"11175","70","16201","2010-05-12 14:31:14"
"6586","48","11719","2010-04-15 12:44:37"
"7559","56","9695","2010-04-18 14:01:53"
"14618","23","19355","2010-06-19 12:52:07"
"2388","56","3861","2010-04-07 16:30:44"
"14634","80","19372","2010-06-19 13:26:40"
"14034","26","19031","2010-06-16 17:02:05"
"5003","57","7703","2010-04-12 14:00:49"
"2978","56","4662","2010-04-08 18:04:25"
"9098","26","14052","2010-04-28 14:35:37"
"5176","52","9988","2010-04-12 15:23:25"
"10209","26","15172","2010-05-05 16:05:25"
"284","47","533","2010-04-01 11:14:15"
"3178","41","4950","2010-04-08 19:47:15"
"3434","20","5316","2010-04-08 21:24:47"
"9818","61","14778","2010-05-03 20:14:20"
"555","48","915","2010-04-03 11:21:55"
"7335","27","9882","2010-04-16 14:07:43"
"11929","22","17401","2010-05-31 11:51:07"
"7839","70","12784","2010-04-18 16:41:54"
"10186","27","15149","2010-05-05 15:04:54"
"9626","26","14579","2010-05-03 14:09:32"
"10278","61","15244","2010-05-05 17:21:19"
"12004","26","16907","2010-05-31 12:55:31"
"12719","26","17690","2010-06-04 15:00:47"
"9052","72","14009","2010-04-28 13:43:38"
"15442","61","20306","2010-06-25 05:41:26"
"510","56","865","2010-04-02 18:01:50"
"2276","70","3698","2010-04-07 15:55:59"
"11254","22","16234","2010-05-14 12:43:25"
"627","56","1008","2010-04-03 11:58:22"
"13847","20","18836","2010-06-16 03:02:07"
"8744","73","13685","2010-04-26 15:59:22"
"6851","28","12000","2010-04-15 17:48:16"
"4744","26","7384","2010-04-11 21:35:53"
"15003","61","19783","2010-06-22 15:01:55"
"11140","70","16133","2010-05-12 10:29:36"
"14176","50","9483","2010-06-17 11:38:15"
"15648","50","20530","2010-06-25 14:46:53"
"1031","55","1606","2010-04-06 14:37:10"
"7907","27","12853","2010-04-18 17:24:08"
"1602","38","2660","2010-04-07 12:51:12"
"8555","22","13503","2010-04-23 18:39:49"
"13671","26","18663","2010-06-15 15:31:59"
"6594","37","11727","2010-04-15 12:51:58"
"2540","47","4117","2010-04-07 19:20:48"
"14839","40","19589","2010-06-21 12:05:26"
"1942","47","3232","2010-04-07 15:07:41"
"3403","56","5272","2010-04-08 21:16:43"
"12645","72","17617","2010-06-03 12:18:29"
"3153","47","4915","2010-04-08 19:41:28"
"13956","29","18949","2010-06-16 14:04:45"
"2487","47","4010","2010-04-07 18:09:07"
"6801","52","11948","2010-04-15 17:24:51"
"6924","37","12076","2010-04-15 18:17:37"
"8662","26","13612","2010-04-23 19:41:47"
"10405","70","15373","2010-05-05 18:27:27"
"12343","26","17311","2010-06-01 16:12:31"
"7862","27","12805","2010-04-18 17:10:11"
"13968","29","18961","2010-06-16 14:26:54"
"4617","29","7160","2010-04-11 20:19:37"
"14451","33","19173","2010-06-17 17:41:32"
"9058","72","14015","2010-04-28 13:49:26"
"9637","26","14590","2010-05-03 14:18:37"
"15171","70","19990","2010-06-23 14:07:57"
"12963","33","17934","2010-06-07 15:55:51"
"14047","54","19044","2010-06-16 17:14:21"
"4189","50","6525","2010-04-10 16:55:17"
"409","56","751","2010-04-02 15:46:15"
"6340","38","11452","2010-04-14 18:26:20"
"14117","73","8836","2010-06-17 10:21:55"
"12140","26","16625","2010-05-31 17:46:58"
"542","56","900","2010-04-03 11:15:57"
"14395","20","19114","2010-06-17 16:22:38"
"4276","47","6687","2010-04-10 19:33:28"
"7062","77","12241","2010-04-15 19:10:45"
"9957","72","14919","2010-05-04 11:22:20"
"8072","26","13014","2010-04-20 11:58:49"
"5284","27","10162","2010-04-12 16:57:07"
"6243","38","11355","2010-04-14 12:02:04"
"5070","80","9779","2010-04-12 14:36:05"
"9526","27","14479","2010-04-30 12:47:24"
"13574","28","18562","2010-06-15 06:39:59"
"14899","54","19668","2010-06-21 15:57:29"
"579","26","942","2010-04-03 11:32:26"
"2182","24","3559","2010-04-07 15:42:58"
"14229","37","9537","2010-06-17 12:38:09"
"5618","27","10658","2010-04-13 12:49:07"
"3330","61","5171","2010-04-08 20:59:53"
"911","42","1383","2010-04-05 16:35:55"
"12628","38","17600","2010-06-03 12:06:21"
"163","24","297","2010-04-01 11:14:15"
"10935","80","15918","2010-05-10 11:15:27"
"3409","38","5280","2010-04-08 21:17:50"
"7682","26","12617","2010-04-18 14:52:45"
"4288","24","6702","2010-04-10 19:44:06"
"2906","36","4557","2010-04-08 11:57:04"
"12265","47","17001","2010-06-01 15:26:46"
"15994","47","20892","2010-06-27 19:07:42"
"12342","79","17280","2010-06-01 16:12:04"
"9328","49","14280","2010-04-29 12:36:48"
"1831","44","3063","2010-04-07 14:26:37"
"12913","67","17883","2010-06-07 14:36:11"
"4614","54","7154","2010-04-11 20:16:59"
"6213","70","11325","2010-04-14 11:42:29"
"12024","26","16847","2010-05-31 14:08:40"
"9771","20","14727","2010-05-03 19:49:11"
"10184","56","15147","2010-05-05 15:01:21"
"13328","31","18303","2010-06-14 11:42:58"
"12432","33","17454","2010-06-02 15:41:39"
"8365","26","13311","2010-04-23 12:47:40"
"8600","26","13548","2010-04-23 19:07:37"
"9744","54","14699","2010-05-03 19:34:04"
"3058","64","4789","2010-04-08 19:05:47"
"12611","29","17583","2010-06-03 11:56:57"
"11114","22","16095","2010-05-11 18:02:24"
"4038","56","6234","2010-04-09 15:27:38"
"10575","31","15575","2010-05-05 20:05:43"
"14169","48","9477","2010-06-17 11:07:30"
"10680","73","15731","2010-05-06 10:15:07"
"5472","33","10471","2010-04-12 19:05:51"
"4224","51","6590","2010-04-10 18:35:02"
"10125","26","15087","2010-05-05 10:40:48"
"14903","80","19661","2010-06-21 16:54:24"
"1173","47","1829","2010-04-06 20:46:58"
"10171","73","15134","2010-05-05 12:56:42"
"22","52","37","2010-04-01 11:14:13"
"14298","37","9608","2010-06-17 14:32:51"
"9654","42","14607","2010-05-03 14:55:08"
"7418","55","10197","2010-04-16 16:01:48"
"4259","46","6665","2010-04-10 19:01:06"
"15466","65","20333","2010-06-25 08:34:00"
"1536","73","2526","2010-04-07 11:51:11"
"8217","33","13162","2010-04-21 12:07:22"
"3533","42","5434","2010-04-09 00:14:51"
"5649","55","10689","2010-04-13 12:58:57"
"10138","24","15100","2010-05-05 11:13:25"
"11419","34","16447","2010-05-26 14:38:50"
"4271","37","6682","2010-04-10 19:30:13"
"11681","49","16984","2010-05-27 16:16:18"
"12182","26","16782","2010-06-01 12:55:12"
"12259","72","16965","2010-06-01 15:15:35"
"9587","26","14540","2010-04-30 14:57:00"
"10438","26","15406","2010-05-05 18:41:43"
"4397","37","6859","2010-04-10 20:54:35"
"7390","27","10400","2010-04-16 14:36:55"
"5855","26","10915","2010-04-13 15:03:33"
"13986","35","18981","2010-06-16 14:41:37"
"13519","56","18504","2010-06-15 03:02:52"
"10227","26","15193","2010-05-05 16:59:33"
"14106","37","8622","2010-06-17 07:22:26"
"10276","32","15242","2010-05-05 17:20:10"
"1842","47","3087","2010-04-07 14:41:04"
"5084","30","9810","2010-04-12 14:41:32"
"736","24","1147","2010-04-03 13:10:08"
"7227","50","12426","2010-04-16 11:58:36"
"11276","26","16256","2010-05-18 11:42:00"
"7979","27","12930","2010-04-18 22:15:15"
"9942","72","14904","2010-05-04 10:31:46"
"6252","24","11365","2010-04-14 12:07:42"
"4286","47","6700","2010-04-10 19:42:30"
"6742","72","11885","2010-04-15 15:46:06"
"7652","26","12587","2010-04-18 14:35:29"
"15067","29","19858","2010-06-22 17:33:22"
"5617","70","10654","2010-04-13 12:48:13"
"5167","61","9963","2010-04-12 15:19:31"
"2704","70","4315","2010-04-07 22:10:27"
"7772","33","12715","2010-04-18 15:48:01"
"3770","31","5750","2010-04-09 13:25:36"
"14139","42","19107","2010-06-17 10:55:26"
"6543","31","11676","2010-04-15 11:55:21"
"9069","26","14026","2010-04-28 14:02:38"
"13363","26","18338","2010-06-14 12:12:55"
"9305","69","14256","2010-04-29 12:08:36"
"9699","27","14653","2010-05-03 16:08:36"
"13334","29","18309","2010-06-14 11:47:03"
"8615","26","13563","2010-04-23 19:17:22"
"12782","52","17753","2010-06-04 15:42:40"
"12942","47","17913","2010-06-07 14:53:46"
"12725","73","17696","2010-06-04 15:04:15"
"8678","26","13628","2010-04-23 19:49:48"
"6240","33","11352","2010-04-14 12:00:02"
"3427","57","5310","2010-04-08 21:22:33"
"2390","33","3864","2010-04-07 16:31:30"
"6600","80","11733","2010-04-15 13:01:05"
"2464","27","3894","2010-04-07 17:45:45"
"2828","47","4456","2010-04-08 10:47:37"
"1559","78","2560","2010-04-07 12:05:58"
"3692","47","5648","2010-04-09 12:52:15"
"12350","73","17382","2010-06-01 17:03:14"
"13883","26","18874","2010-06-16 04:25:52"
"14018","23","19015","2010-06-16 16:27:46"
"7833","27","12778","2010-04-18 16:40:40"
"15797","20","20691","2010-06-26 08:16:52"
"8617","26","13565","2010-04-23 19:18:34"
"3950","70","6065","2010-04-09 14:15:10"
"7481","31","9938","2010-04-16 16:54:01"
"8898","26","13848","2010-04-26 21:39:54"
"14911","70","19677","2010-06-21 17:02:00"
"10032","63","14996","2010-05-04 13:23:38"
"5872","59","10944","2010-04-13 15:21:47"
"3671","56","5624","2010-04-09 12:37:03"
"12287","26","17093","2010-06-01 15:44:01"
"5242","34","10099","2010-04-12 15:55:34"
"6716","62","11854","2010-04-15 15:18:44"
"3168","24","4938","2010-04-08 19:44:43"
"8084","57","13027","2010-04-20 12:16:07"
"10208","65","15171","2010-05-05 16:05:12"
"11307","70","16288","2010-05-26 11:23:29"
"2033","35","3343","2010-04-07 15:23:29"
"7258","70","12457","2010-04-16 12:26:52"
"13946","26","18938","2010-06-16 13:59:20"
"15468","38","20335","2010-06-25 08:36:14"
"11027","26","16048","2010-05-11 10:52:53"
"15633","70","20448","2010-06-25 14:34:57"
"50","47","138","2010-04-01 11:14:14"
"1292","47","2041","2010-04-06 21:26:33"
"13305","26","18279","2010-06-10 18:11:44"
"7331","71","9919","2010-04-16 14:05:54"
"1745","47","2923","2010-04-07 13:44:19"
"10638","66","15675","2010-05-05 20:39:33"
"4306","36","6731","2010-04-10 20:01:34"
"693","53","1089","2010-04-03 12:42:34"
"1806","47","3016","2010-04-07 14:10:43"
"5259","50","10129","2010-04-12 16:02:07"
"12380","26","16789","2010-06-02 14:52:44"
"10182","62","15145","2010-05-05 14:56:32"
"11296","71","16277","2010-05-26 10:37:28"
"13124","66","18093","2010-06-08 13:39:16"
"14537","37","19258","2010-06-18 15:25:56"
"2550","70","4128","2010-04-07 19:26:03"
"13821","23","18810","2010-06-16 00:55:12"
"4026","76","6215","2010-04-09 15:24:34"
"14729","77","19472","2010-06-20 08:33:01"
"1489","31","2465","2010-04-07 11:14:22"
"15614","62","20490","2010-06-25 14:22:09"
"737","61","1148","2010-04-03 13:10:25"
"11186","70","16212","2010-05-12 15:34:21"
"13584","52","18571","2010-06-15 11:17:02"
"1646","51","2728","2010-04-07 13:07:48"
"14711","47","19450","2010-06-19 16:21:29"
"15852","87","20747","2010-06-26 16:08:06"
"15610","49","20486","2010-06-25 14:20:29"
"12357","27","16369","2010-06-02 09:59:17"
"7917","47","12863","2010-04-18 17:28:48"
"5188","31","10000","2010-04-12 15:32:36"
"8860","26","13809","2010-04-26 21:25:08"
"10725","34","15610","2010-05-06 14:19:58"
"15251","24","20086","2010-06-24 12:36:47"
"2873","36","4507","2010-04-08 11:24:52"
"1622","31","2698","2010-04-07 12:58:36"
"8286","26","13231","2010-04-23 11:45:47"
"11531","61","16680","2010-05-27 10:52:37"
"13103","42","18073","2010-06-08 12:29:12"
"7737","27","12676","2010-04-18 15:27:33"
"4947","24","7637","2010-04-12 12:17:33"
"2001","31","3306","2010-04-07 15:17:54"
"11390","27","16399","2010-05-26 14:26:43"
"2172","56","3531","2010-04-07 15:41:16"
"6719","62","11858","2010-04-15 15:21:20"
"10971","27","15963","2010-05-10 14:19:28"
"11267","38","16247","2010-05-14 14:32:21"
"12452","33","17482","2010-06-02 15:54:49"
"2108","24","3434","2010-04-07 15:33:13"
"11099","41","16030","2010-05-11 16:23:32"
"10884","26","15864","2010-05-07 12:16:19"
"2965","49","4644","2010-04-08 17:55:08"
"751","32","1166","2010-04-03 13:20:26"
"1049","57","1630","2010-04-06 14:44:42"
"7495","56","9886","2010-04-16 17:00:47"
"6302","47","11411","2010-04-14 17:47:00"
"9045","26","14000","2010-04-28 12:59:29"
"7214","26","12413","2010-04-16 11:47:51"
"1509","70","2493","2010-04-07 11:28:20"
"14854","62","19610","2010-06-21 14:06:44"
"16031","29","20928","2010-06-28 12:22:44"
"11207","70","16139","2010-05-12 16:49:55"
"9661","61","14613","2010-05-03 15:24:46"
"4500","67","6977","2010-04-11 13:54:13"
"10440","70","14923","2010-05-05 18:42:40"
"6631","62","11767","2010-04-15 13:44:27"
"15581","69","20457","2010-06-25 14:00:12"
"195","20","337","2010-04-01 11:14:15"
"1725","68","2895","2010-04-07 13:38:18"
"8051","38","13002","2010-04-19 06:28:06"
"8428","73","13374","2010-04-23 15:05:22"
"8294","42","13239","2010-04-23 11:48:17"
"2585","53","4174","2010-04-07 20:08:39"
"7491","27","9904","2010-04-16 16:59:29"
"2698","54","4309","2010-04-07 21:52:36"
"9853","50","14814","2010-05-03 20:36:27"
"12577","23","17519","2010-06-03 11:33:30"
"10247","70","15212","2010-05-05 17:06:56"
"2225","47","3637","2010-04-07 15:48:30"
"13270","26","18241","2010-06-10 17:17:26"
"7526","27","10260","2010-04-18 13:47:29"
"5212","40","10048","2010-04-12 15:42:59"
"12886","72","17856","2010-06-07 12:45:54"
"1019","37","1585","2010-04-06 12:24:43"
"8864","61","13814","2010-04-26 21:26:31"
"13799","66","18786","2010-06-15 20:34:36"
"5868","61","10932","2010-04-13 15:16:57"
"646","47","1034","2010-04-03 12:09:49"
"7955","31","12905","2010-04-18 17:56:30"
"6273","23","11380","2010-04-14 12:20:45"
"1426","31","2384","2010-04-06 23:51:27"
"5726","47","10775","2010-04-13 13:49:55"
"11724","67","17065","2010-05-28 10:14:00"
"2397","33","3874","2010-04-07 16:33:57"
"14847","26","19598","2010-06-21 13:07:25"
"13469","26","18453","2010-06-14 15:12:29"
"4037","31","6233","2010-04-09 15:27:21"
"3286","36","5098","2010-04-08 20:45:16"
"15701","73","20588","2010-06-26 02:31:44"
"7478","37","9950","2010-04-16 16:51:24"
"14542","54","19270","2010-06-18 15:31:11"
"6038","80","11130","2010-04-13 21:46:19"
"13680","73","18672","2010-06-15 15:48:06"
"1534","40","2524","2010-04-07 11:49:54"
"13600","46","18587","2010-06-15 11:30:23"
"1753","49","2936","2010-04-07 13:47:02"
"5974","57","11053","2010-04-13 21:05:39"
"4791","47","7453","2010-04-11 21:59:54"
"10230","26","15195","2010-05-05 17:00:05"
"1795","47","2996","2010-04-07 14:02:54"
"13173","20","18142","2010-06-08 17:28:26"
"12549","43","17296","2010-06-03 11:15:04"
"12691","20","17662","2010-06-04 14:42:03"
"6824","23","11971","2010-04-15 17:38:16"
"10407","70","15375","2010-05-05 18:28:36"
"9704","27","14658","2010-05-03 16:16:18"
"3973","22","6108","2010-04-09 14:24:31"
"7385","26","10363","2010-04-16 14:34:34"
"12243","33","16669","2010-06-01 15:05:59"
"4835","24","7508","2010-04-12 00:40:12"
"8331","70","13277","2010-04-23 12:23:19"
"10862","70","15807","2010-05-07 11:06:30"
"2866","47","4496","2010-04-08 11:18:09"
"5931","80","11004","2010-04-13 17:25:57"
"13352","26","18327","2010-06-14 12:00:19"
"7978","27","12929","2010-04-18 22:14:01"
"1558","20","2558","2010-04-07 12:05:29"
"13376","72","18351","2010-06-14 12:24:13"
"15854","37","20749","2010-06-26 16:09:59"
"3862","47","5878","2010-04-09 13:49:11"
"2170","24","3516","2010-04-07 15:40:27"
"8799","47","13750","2010-04-26 20:51:57"
"9014","26","13967","2010-04-28 12:28:42"
"11994","73","16868","2010-05-31 12:50:45"
"12319","26","17207","2010-06-01 16:02:19"
"13672","57","18664","2010-06-15 15:33:16"
"11399","26","16415","2010-05-26 14:29:19"
"5760","47","10809","2010-04-13 14:38:29"
"6493","72","11627","2010-04-15 10:34:05"
"12992","57","17963","2010-06-07 16:17:50"
"13272","30","18243","2010-06-10 17:18:51"
"12823","72","17793","2010-06-04 16:37:37"
"15698","20","20585","2010-06-26 02:28:47"
"10060","26","15026","2010-05-04 15:05:05"
"13770","37","18759","2010-06-15 19:56:10"
"12908","70","17878","2010-06-07 13:03:52"
"8911","26","13861","2010-04-26 21:48:10"
"10782","20","15765","2010-05-06 16:47:23"
"8719","26","13670","2010-04-26 13:29:16"
"717","24","1123","2010-04-03 12:57:05"
"11026","31","16047","2010-05-10 18:58:50"
"5539","80","10567","2010-04-12 21:36:36"
"11194","26","16221","2010-05-12 15:54:30"
"2804","61","4432","2010-04-08 10:30:25"
"2665","47","4271","2010-04-07 20:56:57"
"11205","27","16131","2010-05-12 16:31:41"
"500","83","851","2010-04-02 17:57:17"
"8652","62","13602","2010-04-23 19:37:56"
"14292","73","9605","2010-06-17 14:30:22"
"15922","61","20819","2010-06-26 19:19:13"
"7712","29","12649","2010-04-18 15:15:28"
"6268","28","11373","2010-04-14 12:17:52"
"7512","57","10283","2010-04-18 13:39:08"
"4433","47","6897","2010-04-10 21:25:25"
"4226","55","6594","2010-04-10 18:35:42"
"13313","26","18289","2010-06-13 01:50:38"
"1265","33","1999","2010-04-06 21:11:52"
"5848","61","10908","2010-04-13 15:02:10"
"3405","52","5274","2010-04-08 21:17:03"
"2980","57","4664","2010-04-08 18:05:06"
"12889","54","17859","2010-06-07 12:48:27"
"2115","20","3440","2010-04-07 15:34:12"
"6806","36","11953","2010-04-15 17:29:43"
"8800","72","13751","2010-04-26 20:52:24"
"15675","73","20561","2010-06-25 15:18:07"
"8124","27","13067","2010-04-20 13:04:00"
"7229","53","12428","2010-04-16 11:59:59"
"15243","37","20077","2010-06-23 17:26:45"
"2165","24","3502","2010-04-07 15:39:58"
"13207","61","18176","2010-06-09 16:01:10"
"5186","40","10009","2010-04-12 15:31:30"
"14481","72","19206","2010-06-18 02:03:16"
"8396","27","13342","2010-04-23 14:14:45"
"4476","37","6945","2010-04-10 21:58:21"
"11706","73","17020","2010-05-28 09:50:50"
"3141","67","4893","2010-04-08 19:37:21"
"6467","27","11593","2010-04-14 21:02:53"
"4809","24","7482","2010-04-11 22:24:44"
"7991","70","12942","2010-04-18 22:28:20"
"11086","70","15987","2010-05-11 14:01:15"
"9268","46","14221","2010-04-29 11:13:17"
"15612","70","20488","2010-06-25 14:21:37"
"11212","26","16143","2010-05-12 17:04:51"
"3457","80","5345","2010-04-08 21:38:33"
"4487","47","6961","2010-04-11 13:43:25"
"14184","56","9491","2010-06-17 11:55:19"
"13717","61","18706","2010-06-15 17:06:41"
"5480","26","10481","2010-04-12 19:20:00"
"5614","29","10652","2010-04-13 12:47:16"
"4651","56","7238","2010-04-11 20:45:07"
"5637","27","10677","2010-04-13 12:55:44"
"8210","27","13155","2010-04-21 11:35:36"
"14973","69","19750","2010-06-22 14:30:23"
"3015","53","4723","2010-04-08 18:43:59"
"15812","69","20708","2010-06-26 15:17:40"
"8571","24","13519","2010-04-23 18:50:39"
"88","47","206","2010-04-01 11:14:14"
"5707","27","10754","2010-04-13 13:27:31"
"10860","70","15810","2010-05-07 11:04:19"
"7441","26","10084","2010-04-16 16:18:13"
"11558","23","16739","2010-05-27 11:11:43"
"2293","56","3726","2010-04-07 15:58:54"
"1248","53","1974","2010-04-06 21:07:59"
"5126","26","9887","2010-04-12 15:03:25"
"4654","47","7246","2010-04-11 20:46:19"
"3120","24","4868","2010-04-08 19:32:37"
"10977","26","15971","2010-05-10 15:12:18"
"11427","32","16459","2010-05-26 14:46:06"
"12754","73","17725","2010-06-04 15:22:48"
"10873","51","15835","2010-05-07 11:26:00"
"6672","31","11811","2010-04-15 14:33:17"
"14007","24","19004","2010-06-16 16:11:02"
"9632","65","14584","2010-05-03 14:13:30"
"1816","70","3036","2010-04-07 14:17:03"
"9772","26","14728","2010-05-03 19:49:38"
"9599","65","14552","2010-05-03 12:52:41"
"11010","48","16023","2010-05-10 17:05:15"
"14025","23","19022","2010-06-16 16:34:27"
"12622","26","17594","2010-06-03 12:02:47"
"13008","73","17979","2010-06-07 16:27:37"
"11844","54","17270","2010-05-28 12:14:48"
"8353","26","13299","2010-04-23 12:44:32"
"15937","26","20834","2010-06-26 20:23:43"
"4169","53","6479","2010-04-10 16:35:13"
"230","77","429","2010-04-01 11:14:15"
"3630","35","5556","2010-04-09 11:40:26"
"12495","80","17546","2010-06-02 17:41:39"
"1611","47","2675","2010-04-07 12:54:47"
"16022","54","20926","2010-06-28 12:09:44"
"11024","27","16043","2010-05-10 18:49:14"
"10035","24","15000","2010-05-04 13:27:57"
"7020","62","12190","2010-04-15 18:51:54"
"2810","24","4438","2010-04-08 10:34:21"
"5844","33","10903","2010-04-13 15:01:24"
"6862","35","12008","2010-04-15 17:53:16"
"4911","29","7600","2010-04-12 11:25:35"
"9313","31","14264","2010-04-29 12:15:05"
"14730","72","19473","2010-06-20 08:33:43"
"11838","29","17260","2010-05-28 12:11:09"
"13819","22","18808","2010-06-16 00:32:58"
"8522","31","13470","2010-04-23 18:20:13"
"480","32","828","2010-04-02 17:49:23"
"11900","70","17356","2010-05-31 11:07:37"
"7579","26","9760","2010-04-18 14:08:26"
"5891","31","10963","2010-04-13 16:50:43"
"6793","57","11939","2010-04-15 17:19:26"
"4533","24","7026","2010-04-11 14:28:13"
"4708","72","7333","2010-04-11 21:16:59"
"12835","26","17805","2010-06-04 16:45:34"
"245","34","451","2010-04-01 11:14:15"
"9266","47","14218","2010-04-29 11:12:10"
"11018","69","16036","2010-05-10 17:51:05"
"13009","26","17980","2010-06-07 16:27:53"
"3830","28","5825","2010-04-09 13:42:08"
"13086","33","18057","2010-06-07 18:31:53"
"11697","70","17008","2010-05-27 17:54:33"
"15479","84","20347","2010-06-25 09:02:06"
"8505","26","13453","2010-04-23 18:00:59"
"10218","62","15183","2010-05-05 16:23:00"
"11904","38","17364","2010-05-31 11:11:38"
"12909","26","17879","2010-06-07 13:04:16"
"10515","36","15486","2010-05-05 19:25:36"
"3573","80","5483","2010-04-09 10:41:00"
"7355","41","10513","2010-04-16 14:18:14"
"12672","72","17643","2010-06-03 12:46:11"
"5543","61","10574","2010-04-12 21:40:01"
"957","70","1470","2010-04-06 11:52:48"
"4817","56","7491","2010-04-11 22:34:38"
"9713","80","14667","2010-05-03 16:22:11"
"334","47","661","2010-04-02 10:44:47"
"5821","70","10880","2010-04-13 14:54:28"
"15085","29","19878","2010-06-22 17:56:05"
"11136","27","16125","2010-05-12 10:09:57"
"15110","22","19919","2010-06-23 10:57:53"
"1378","50","2314","2010-04-06 23:08:57"
"6290","57","11398","2010-04-14 17:33:11"
"5062","81","9768","2010-04-12 14:34:12"
"976","24","1514","2010-04-06 12:05:26"
"11312","70","16293","2010-05-26 11:36:09"
"10395","70","15364","2010-05-05 18:20:30"
"12586","31","17558","2010-06-03 11:42:19"
"7311","70","12512","2010-04-16 13:08:52"
"11252","31","16232","2010-05-14 12:32:06"
"6788","69","11934","2010-04-15 17:13:26"
"4081","53","6313","2010-04-09 15:44:14"
"2844","56","4472","2010-04-08 11:00:14"
"6871","41","12021","2010-04-15 17:57:48"
"3711","47","5673","2010-04-09 12:58:20"
"8981","26","13933","2010-04-28 11:50:17"
"10559","79","15555","2010-05-05 19:55:29"
"333","23","660","2010-04-02 10:44:30"
"11209","26","16140","2010-05-12 16:56:43"
"14720","37","19457","2010-06-19 18:16:28"
"2094","37","3421","2010-04-07 15:31:42"
"6861","24","12011","2010-04-15 17:52:59"
"8166","27","13111","2010-04-21 11:00:02"
"5873","37","10945","2010-04-13 15:24:00"
"6804","38","11951","2010-04-15 17:28:03"
"12451","50","17481","2010-06-02 15:54:07"
"12597","26","17569","2010-06-03 11:48:07"
"1471","77","2438","2010-04-07 01:28:26"
"15833","49","20728","2010-06-26 15:50:40"
"1510","70","2494","2010-04-07 11:28:47"
"15953","39","20851","2010-06-27 15:34:31"
"9168","72","14124","2010-04-28 16:40:27"
"869","56","1311","2010-04-03 16:55:45"
"898","83","1364","2010-04-04 16:56:36"
"7121","42","12311","2010-04-15 19:32:10"
"14652","62","19391","2010-06-19 14:08:00"
"11295","35","16276","2010-05-26 10:37:01"
"5185","62","10007","2010-04-12 15:30:41"
"3690","50","5646","2010-04-09 12:50:37"
"2694","47","4303","2010-04-07 21:31:43"
"12266","73","17010","2010-06-01 15:27:16"
"11153","22","16165","2010-05-12 11:03:45"
"4251","72","6643","2010-04-10 18:53:17"
"15644","32","20526","2010-06-25 14:42:55"
"14246","62","9555","2010-06-17 12:54:15"
"13828","51","18818","2010-06-16 02:29:50"
"7849","27","12794","2010-04-18 17:06:16"
"15504","42","20375","2010-06-25 09:40:12"
"3170","54","4939","2010-04-08 19:44:56"
"4047","22","6246","2010-04-09 15:30:18"
"15639","32","20521","2010-06-25 14:38:48"
"8843","26","13791","2010-04-26 21:18:59"
"7376","27","10413","2010-04-16 14:25:57"
"1175","37","1832","2010-04-06 20:47:37"
"8058","26","13009","2010-04-19 16:16:14"
"12472","24","17514","2010-06-02 16:06:22"
"1978","27","3274","2010-04-07 15:13:25"
"2364","45","3833","2010-04-07 16:16:26"
"1457","32","2421","2010-04-07 00:50:07"
"4211","42","6566","2010-04-10 18:29:30"
"2733","83","4346","2010-04-07 23:09:15"
"15311","51","20153","2010-06-24 14:16:35"
"11959","73","17276","2010-05-31 12:27:16"
"14461","31","19185","2010-06-17 18:02:17"
"15462","69","20330","2010-06-25 08:28:26"
"13838","83","18827","2010-06-16 02:50:25"
"15030","51","19814","2010-06-22 17:00:40"
"2977","78","4660","2010-04-08 18:03:20"
"11047","70","16075","2010-05-11 12:17:33"
"4754","61","7395","2010-04-11 21:38:46"
"5936","80","11011","2010-04-13 17:34:41"
"4299","66","6718","2010-04-10 19:53:34"
"6950","73","12092","2010-04-15 18:27:43"
"7593","38","12524","2010-04-18 14:15:32"
"11872","52","17317","2010-05-31 10:04:21"
"5265","42","10140","2010-04-12 16:04:30"
"6783","35","11929","2010-04-15 17:09:22"
"2454","37","3957","2010-04-07 17:42:27"
"6232","72","11344","2010-04-14 11:55:06"
"6988","38","12152","2010-04-15 18:41:07"
"10778","70","15761","2010-05-06 16:45:31"
"12123","26","16508","2010-05-31 17:40:29"
"5433","50","10421","2010-04-12 18:42:15"
"9384","80","14337","2010-04-29 14:27:32"
"831","47","1268","2010-04-03 16:32:04"
"6487","24","11620","2010-04-15 10:10:34"
"7741","35","12682","2010-04-18 15:29:57"
"10554","24","15543","2010-05-05 19:50:50"
"2561","47","4143","2010-04-07 19:33:38"
"11659","57","16944","2010-05-27 16:04:04"
"2914","25","4565","2010-04-08 12:02:14"
"7051","27","12226","2010-04-15 19:04:49"
"913","53","1385","2010-04-05 16:37:35"
"1833","70","2828","2010-04-07 14:29:16"
"6117","33","11228","2010-04-14 10:39:39"
"5704","27","10751","2010-04-13 13:16:39"
"2151","70","3480","2010-04-07 15:38:05"
"9385","33","14338","2010-04-29 14:28:13"
"11654","61","16932","2010-05-27 16:01:04"
"10286","45","15252","2010-05-05 17:25:21"
"261","47","470","2010-04-01 11:14:15"
"9431","72","14384","2010-04-29 15:44:54"
"1199","68","1875","2010-04-06 20:55:04"
"4878","61","7567","2010-04-12 10:42:45"
"15769","70","20664","2010-06-26 06:25:57"
"13926","57","18916","2010-06-16 12:31:37"
"10744","26","15514","2010-05-06 14:54:29"
"9230","33","14186","2010-04-28 18:50:26"
"5971","56","11050","2010-04-13 21:04:11"
"15531","72","20402","2010-06-25 10:39:34"
"8310","26","13256","2010-04-23 12:03:26"
"7334","31","9889","2010-04-16 14:07:21"
"1694","47","2810","2010-04-07 13:24:25"
"11748","31","9588","2010-05-28 10:29:57"
"12327","57","17232","2010-06-01 16:05:51"
"13319","37","18294","2010-06-14 11:34:29"
"9841","61","14801","2010-05-03 20:28:37"
"4203","47","6550","2010-04-10 18:26:20"
"4661","43","7265","2010-04-11 20:48:16"
"2511","22","4063","2010-04-07 18:26:12"
"5209","20","10040","2010-04-12 15:42:20"
"14546","43","19275","2010-06-18 15:34:32"
"1568","66","2580","2010-04-07 12:14:52"
"4586","73","7125","2010-04-11 19:51:09"
"10245","70","15210","2010-05-05 17:06:30"
"4030","72","6221","2010-04-09 15:25:46"
"349","60","681","2010-04-02 11:00:20"
"3745","33","5714","2010-04-09 13:13:26"
"12917","26","17887","2010-06-07 14:38:31"
"871","57","1314","2010-04-03 16:57:55"
"5888","43","10960","2010-04-13 16:17:23"
"2776","38","4395","2010-04-08 01:26:30"
"916","32","1388","2010-04-05 16:39:00"
"4075","47","6294","2010-04-09 15:41:02"
"7276","73","12474","2010-04-16 12:46:28"
"8975","57","13927","2010-04-28 11:40:19"
"8866","61","13816","2010-04-26 21:27:00"
"4807","47","7478","2010-04-11 22:10:55"
"3303","47","5125","2010-04-08 20:54:22"
"7826","70","12771","2010-04-18 16:39:19"
"3361","61","5207","2010-04-08 21:08:05"
"1338","31","2198","2010-04-06 22:31:03"
"9874","38","14836","2010-05-03 20:50:00"
"13868","37","18859","2010-06-16 03:56:31"
"5952","59","11028","2010-04-13 17:47:38"
"4900","78","7589","2010-04-12 11:19:38"
"15831","70","20726","2010-06-26 15:49:26"
"3575","78","5485","2010-04-09 10:42:22"
"15189","68","20004","2010-06-23 14:33:03"
"7961","28","12912","2010-04-18 17:59:25"
"10344","31","15312","2010-05-05 17:51:41"
"12383","38","16929","2010-06-02 14:54:26"
"10299","81","15263","2010-05-05 17:30:47"
"14387","23","9693","2010-06-17 16:19:56"
"1376","24","2305","2010-04-06 22:59:39"
"13044","29","18015","2010-06-07 17:07:57"
"11109","26","16067","2010-05-11 17:46:22"
"15054","21","19845","2010-06-22 17:22:16"
"3202","37","4990","2010-04-08 19:53:30"
"4830","70","7502","2010-04-12 00:32:01"
"4366","30","6816","2010-04-10 20:38:38"
"14511","26","19239","2010-06-18 10:00:59"
"5555","51","10586","2010-04-13 12:03:15"
"11361","70","16348","2010-05-26 12:51:07"
"12571","38","17506","2010-06-03 11:29:22"
"3020","24","4731","2010-04-08 18:45:44"
"6022","64","11113","2010-04-13 21:38:02"
"2239","24","3655","2010-04-07 15:49:57"
"14207","48","9514","2010-06-17 12:20:38"
"2269","68","3697","2010-04-07 15:54:55"
"5981","64","11060","2010-04-13 21:08:46"
"7309","31","12510","2010-04-16 13:01:33"
"3375","57","5233","2010-04-08 21:11:09"
"13002","57","17973","2010-06-07 16:23:56"
"1109","37","1732","2010-04-06 15:18:11"
"5800","20","10850","2010-04-13 14:49:08"
"2379","47","3851","2010-04-07 16:24:55"
"4931","80","7621","2010-04-12 12:07:59"
"14769","69","19514","2010-06-20 16:14:36"
"408","56","750","2010-04-02 15:45:42"
"6489","22","11623","2010-04-15 10:20:18"
"9791","26","14748","2010-05-03 19:59:38"
"13484","66","18471","2010-06-15 02:06:44"
"3955","27","6077","2010-04-09 14:17:04"
"9463","26","14416","2010-04-29 17:12:49"
"2298","53","3732","2010-04-07 15:59:24"
"5247","56","10104","2010-04-12 15:56:34"
"15266","57","20104","2010-06-24 13:57:01"
"8389","56","13335","2010-04-23 13:44:46"
"13811","35","18801","2010-06-15 20:55:02"
"14322","20","9640","2010-06-17 15:25:25"
"1016","47","1582","2010-04-06 12:22:51"
"1056","51","1646","2010-04-06 14:48:23"
"11829","66","17241","2010-05-28 12:03:41"
"5613","60","10650","2010-04-13 12:46:47"
"9736","26","14691","2010-05-03 19:29:49"
"4579","37","7115","2010-04-11 19:03:18"
"7360","27","10502","2010-04-16 14:20:38"
"6140","23","11253","2010-04-14 10:52:59"
"1040","80","1615","2010-04-06 14:40:35"
"12517","24","16837","2010-06-02 18:01:14"
"6592","42","11725","2010-04-15 12:49:29"
"15743","61","20635","2010-06-26 04:00:36"
"10843","73","15851","2010-05-06 18:45:59"
"9941","70","14903","2010-05-03 21:30:31"
"8454","38","13402","2010-04-23 17:41:41"
"7758","27","12701","2010-04-18 15:40:10"
"4684","57","7294","2010-04-11 21:01:18"
"11302","27","16283","2010-05-26 11:05:54"
"12878","26","17848","2010-06-07 12:30:48"
"3706","39","5665","2010-04-09 12:56:52"
"12173","70","16754","2010-06-01 11:44:38"
"2084","23","3408","2010-04-07 15:30:51"
"8692","26","13642","2010-04-26 11:43:30"
"9167","26","14123","2010-04-28 16:39:04"
"3140","40","4896","2010-04-08 19:37:15"
"2901","56","4552","2010-04-08 11:53:01"
"4280","29","6692","2010-04-10 19:36:59"
"15410","56","20264","2010-06-25 04:25:35"
"13035","52","18006","2010-06-07 16:49:50"
"11372","70","16375","2010-05-26 13:13:45"
"15541","72","20385","2010-06-25 11:04:54"
"14653","29","19392","2010-06-19 14:08:27"
"10006","32","14967","2010-05-04 12:31:48"
"5892","44","10964","2010-04-13 16:51:52"
"5809","80","10867","2010-04-13 14:50:49"
"12941","31","17911","2010-06-07 14:53:05"
"9428","31","14381","2010-04-29 15:43:23"
"1319","47","2134","2010-04-06 22:03:10"
"10158","73","15121","2010-05-05 12:25:34"
"12624","43","17596","2010-06-03 12:04:15"
"4297","41","6716","2010-04-10 19:51:44"
"1408","80","2362","2010-04-06 23:40:16"
"14437","29","19160","2010-06-17 17:17:11"
"8822","26","13773","2010-04-26 21:07:55"
"10370","62","15338","2010-05-05 18:03:38"
"5675","67","10720","2010-04-13 13:07:03"
"15411","61","20266","2010-06-25 04:26:18"
"2774","33","4393","2010-04-08 01:08:28"
"3441","31","5327","2010-04-08 21:27:04"
"7111","38","12301","2010-04-15 19:29:00"
"11607","29","16848","2010-05-27 12:19:41"
"14552","61","19282","2010-06-18 15:49:48"
"10047","72","15014","2010-05-04 14:07:24"
"3460","57","5349","2010-04-08 21:40:07"
"3156","38","4925","2010-04-08 19:42:29"
"764","24","1185","2010-04-03 13:30:13"
"9021","56","13975","2010-04-28 12:32:33"
"10","50","17","2010-04-01 11:14:13"
"11560","72","16723","2010-05-27 11:13:58"
"11661","70","16947","2010-05-27 16:05:19"
"12261","26","16982","2010-06-01 15:16:09"
"6945","61","12098","2010-04-15 18:25:33"
"2217","47","3630","2010-04-07 15:47:45"
"15727","57","20618","2010-06-26 03:22:11"
"13602","28","18590","2010-06-15 11:32:55"
"10859","70","15808","2010-05-07 11:03:32"
"8164","38","13109","2010-04-21 10:53:28"
"14772","68","19517","2010-06-20 16:20:15"
"14874","72","19641","2010-06-21 15:03:19"
"2478","70","3992","2010-04-07 18:06:11"
"7555","29","9820","2010-04-18 14:00:32"
"7200","27","12398","2010-04-16 11:39:08"
"2055","47","3373","2010-04-07 15:27:07"
"2701","37","4312","2010-04-07 22:09:19"
"1359","33","2253","2010-04-06 22:49:04"
"1023","33","1589","2010-04-06 12:34:25"
"2989","38","4677","2010-04-08 18:11:31"
"2453","35","3956","2010-04-07 17:42:02"
"11818","47","17225","2010-05-28 11:58:02"
"8235","22","13180","2010-04-22 16:46:00"
"13151","29","18121","2010-06-08 15:13:12"
"2581","79","4169","2010-04-07 20:02:40"
"9614","27","14567","2010-05-03 14:00:47"
"5854","72","10912","2010-04-13 15:03:31"
"7780","54","12723","2010-04-18 15:51:27"
"677","47","1071","2010-04-03 12:34:26"
"9567","70","14520","2010-04-30 13:03:37"
"9169","26","14125","2010-04-28 16:40:39"
"1601","67","2661","2010-04-07 12:51:02"
"1026","83","1593","2010-04-06 14:34:08"
"13757","26","18747","2010-06-15 19:39:13"
"7356","61","10511","2010-04-16 14:19:05"
"4460","27","6927","2010-04-10 21:45:25"
"11808","70","17206","2010-05-28 11:31:08"
"15292","61","20133","2010-06-24 14:09:24"
"9556","29","14509","2010-04-30 12:58:32"
"10872","70","15844","2010-05-07 11:19:05"
"11515","26","16631","2010-05-26 17:06:57"
"9935","61","14897","2010-05-03 21:26:54"
"3184","55","4964","2010-04-08 19:48:28"
"13188","23","18157","2010-06-09 14:28:29"
"15377","51","20226","2010-06-24 23:44:42"
"9355","62","14305","2010-04-29 13:22:40"
"11986","39","16844","2010-05-31 12:44:24"
"6241","38","11353","2010-04-14 12:01:01"
"10788","26","15771","2010-05-06 16:51:11"
"3242","61","5033","2010-04-08 20:10:52"
"4221","23","6586","2010-04-10 18:33:53"
"3107","69","4848","2010-04-08 19:28:52"
"12728","72","17699","2010-06-04 15:05:45"
"5060","26","9762","2010-04-12 14:33:49"
"5998","54","11082","2010-04-13 21:19:04"
"14344","32","9663","2010-06-17 15:43:16"
"5049","59","9741","2010-04-12 14:30:07"
"10685","73","15737","2010-05-06 10:19:05"
"814","47","1248","2010-04-03 13:58:48"
"12410","29","17180","2010-06-02 15:27:08"
"4199","37","6542","2010-04-10 18:21:10"
"9683","26","14637","2010-05-03 15:56:41"
"200","47","375","2010-04-01 11:14:15"
"13713","41","18702","2010-06-15 16:59:12"
"6026","54","11117","2010-04-13 21:40:41"
"4253","72","6647","2010-04-10 18:55:46"
"5216","54","10043","2010-04-12 15:44:21"
"7732","27","12670","2010-04-18 15:25:25"
"11126","57","16111","2010-05-11 18:22:13"
"6055","23","11158","2010-04-13 21:57:37"
"423","47","768","2010-04-02 15:58:26"
"10437","66","15405","2010-05-05 18:41:43"
"13611","30","18598","2010-06-15 12:48:15"
"16033","27","20937","2010-06-28 12:23:36"
"5104","42","9797","2010-04-12 14:51:10"
"13090","68","18061","2010-06-07 18:46:52"
"6142","33","11255","2010-04-14 10:54:02"
"15663","50","20548","2010-06-25 15:07:17"
"10119","26","15085","2010-05-05 10:20:30"
"14762","65","19507","2010-06-20 16:09:03"
"7382","32","10375","2010-04-16 14:32:38"
"11738","73","17092","2010-05-28 10:21:10"
"6933","31","12085","2010-04-15 18:20:30"
"5073","80","9778","2010-04-12 14:36:36"
"2469","70","3977","2010-04-07 17:49:36"
"7970","29","12922","2010-04-18 18:03:20"
"180","53","320","2010-04-01 11:14:15"
"842","47","1279","2010-04-03 16:40:16"
"3210","57","5000","2010-04-08 19:55:36"
"5214","59","10052","2010-04-12 15:43:39"
"13962","51","18955","2010-06-16 14:20:55"
"11506","26","16613","2010-05-26 16:38:24"
"11759","28","17124","2010-05-28 10:50:22"
"15729","84","20620","2010-06-26 03:24:46"
"8004","27","12955","2010-04-19 05:58:30"
"13653","20","18644","2010-06-15 14:50:49"
"1883","23","3148","2010-04-07 14:53:11"
"7005","61","12174","2010-04-15 18:47:42"
"6693","69","9783","2010-04-15 14:47:33"
"7150","54","12343","2010-04-16 10:56:32"
"11862","26","17302","2010-05-31 09:58:14"
"7285","27","12484","2010-04-16 12:50:37"
"3724","31","5683","2010-04-09 13:04:38"
"4196","52","6537","2010-04-10 17:00:45"
"13189","66","18158","2010-06-09 14:29:33"
"1088","39","1703","2010-04-06 15:06:47"
"8591","70","13539","2010-04-23 19:02:38"
"3624","78","5543","2010-04-09 11:11:07"
"3234","51","5025","2010-04-08 20:04:37"
"4023","37","6208","2010-04-09 15:23:27"
"10513","27","15484","2010-05-05 19:24:38"
"10738","26","15500","2010-05-06 14:46:18"
"7327","31","9974","2010-04-16 14:02:14"
"9378","42","14330","2010-04-29 14:20:21"
"891","31","1347","2010-04-04 16:50:24"
"13777","26","18767","2010-06-15 20:07:04"
"1769","47","2959","2010-04-07 13:53:13"
"5310","31","10206","2010-04-12 17:22:38"
"14915","52","19680","2010-06-21 17:07:39"
"9712","26","14666","2010-05-03 16:21:33"
"12778","37","17749","2010-06-04 15:39:59"
"3883","47","5924","2010-04-09 13:53:24"
"63","79","152","2010-04-01 11:14:14"
"8120","33","13063","2010-04-20 13:01:23"
"12427","26","17432","2010-06-02 15:37:30"
"9100","73","14054","2010-04-28 14:36:45"
"3915","78","5994","2010-04-09 14:03:51"
"2369","73","3841","2010-04-07 16:20:01"
"4700","70","7326","2010-04-11 21:11:59"
"2352","80","3818","2010-04-07 16:10:50"
"9024","22","13978","2010-04-28 12:35:30"
"7249","23","12448","2010-04-16 12:17:41"
"11036","41","16062","2010-05-11 11:40:08"
"337","36","664","2010-04-02 10:46:08"
"5903","29","10975","2010-04-13 16:59:40"
"7234","72","12433","2010-04-16 12:02:48"
"11557","70","16735","2010-05-27 11:11:12"
"7105","47","12294","2010-04-15 19:26:45"
"13100","56","18070","2010-06-08 12:21:29"
"6261","35","11038","2010-04-14 12:12:29"
"10337","26","15305","2010-05-05 17:48:58"
"3931","44","6026","2010-04-09 14:08:40"
"1687","72","2801","2010-04-07 13:21:15"
"15765","35","20659","2010-06-26 04:55:23"
"8827","26","11239","2010-04-26 21:10:51"
"1838","80","3072","2010-04-07 14:33:09"
"12934","52","17904","2010-06-07 14:47:51"
"15771","47","20667","2010-06-26 06:29:55"
"3008","53","4716","2010-04-08 18:40:56"
"9335","39","14286","2010-04-29 12:41:27"
"5361","45","10309","2010-04-12 17:56:34"
"1162","31","1816","2010-04-06 20:42:36"
"10901","54","15883","2010-05-07 13:38:09"
"2819","82","4447","2010-04-08 10:40:48"
"8516","26","13464","2010-04-23 18:16:36"
"2335","78","3791","2010-04-07 16:06:58"
"7664","27","12599","2010-04-18 14:42:43"
"10675","61","15724","2010-05-05 20:59:10"
"7836","27","12781","2010-04-18 16:41:07"
"12329","26","17237","2010-06-01 16:07:47"
"6686","42","11825","2010-04-15 14:42:52"
"4212","47","6570","2010-04-10 18:30:00"
"2130","24","3458","2010-04-07 15:35:45"
"9861","23","14822","2010-05-03 20:43:21"
"839","47","1276","2010-04-03 16:38:31"
"10427","24","15395","2010-05-05 18:38:35"
"4090","57","6324","2010-04-09 15:47:08"
"13750","57","18727","2010-06-15 19:16:38"
"7641","24","12574","2010-04-18 14:32:25"
"2395","56","3871","2010-04-07 16:33:02"
"1767","47","2957","2010-04-07 13:52:33"
"12724","55","17695","2010-06-04 15:03:40"
"8741","70","13693","2010-04-26 15:30:12"
"8439","22","13386","2010-04-23 15:51:48"
"12208","46","16975","2010-06-01 14:42:22"
"11801","27","17194","2010-05-28 11:25:01"
"12386","47","16977","2010-06-02 14:55:55"
"5533","29","10559","2010-04-12 21:34:19"
"13214","80","18183","2010-06-09 16:20:03"
"2500","47","4035","2010-04-07 18:14:45"
"1496","47","2474","2010-04-07 11:19:58"
"7413","55","10223","2010-04-16 15:57:47"
"4323","61","6752","2010-04-10 20:17:11"
"7404","49","10371","2010-04-16 15:51:44"
"9673","70","14627","2010-05-03 15:35:38"
"3997","36","6164","2010-04-09 14:32:26"
"1867","36","3124","2010-04-07 14:49:49"
"9971","27","14937","2010-05-04 11:30:36"
"1069","53","1667","2010-04-06 14:54:01"
"11619","27","16869","2010-05-27 13:21:49"
"12240","26","16665","2010-06-01 15:04:01"
"4049","72","6251","2010-04-09 15:31:42"
"15597","25","20474","2010-06-25 14:10:06"
"6979","73","12143","2010-04-15 18:37:01"
"15179","56","19998","2010-06-23 14:20:51"
"4928","39","7618","2010-04-12 12:05:36"
"11586","27","16803","2010-05-27 11:59:25"
"7394","51","10352","2010-04-16 14:38:09"
"7297","61","12498","2010-04-16 12:56:31"
"15839","47","20734","2010-06-26 15:55:41"
"3471","36","5363","2010-04-08 21:49:36"
"13726","70","18716","2010-06-15 18:07:53"
"6552","52","11685","2010-04-15 12:04:59"
"9079","22","9927","2010-04-28 14:18:41"
"6294","29","11402","2010-04-14 17:36:32"
"7703","26","12638","2010-04-18 15:10:19"
"7307","41","12508","2010-04-16 13:00:29"
"13793","22","18783","2010-06-15 20:27:56"
"2419","70","3899","2010-04-07 17:26:38"
"9046","27","14001","2010-04-28 13:05:23"
"5169","62","9973","2010-04-12 15:20:10"
"3338","57","5182","2010-04-08 21:02:08"
"15519","49","20391","2010-06-25 10:16:25"
"15665","70","20550","2010-06-25 15:09:37"
"11966","22","17301","2010-05-31 12:31:17"
"7238","27","12437","2010-04-16 12:04:14"
"3212","39","5001","2010-04-08 19:56:14"
"2219","24","3633","2010-04-07 15:48:02"
"10122","27","14773","2010-05-05 10:28:46"
"12244","50","16670","2010-06-01 15:06:25"
"8157","29","13102","2010-04-21 10:46:33"
"14250","26","9559","2010-06-17 12:57:26"
"6485","42","11616","2010-04-14 21:31:14"
"9043","61","13998","2010-04-28 12:58:32"
"5827","82","10886","2010-04-13 14:56:43"
"14116","62","8837","2010-06-17 10:21:23"
